Country_Name,Country_Code,Year,Access_to_Electricity,Adjusted_Net_National_Income_Per_Capita,Population,Population_density,Surface_area,CO2_Emissions
Afghanistan,AFG,2000,4.4,NA,19542982,29.963328887049,652860,10.712
Afghanistan,AFG,2001,9.3,NA,19688632,30.1866396823207,652860,0.9883
Afghanistan,AFG,2002,14.1,NA,21000256,32.1976235377091,652860,0.9729
Afghanistan,AFG,2003,19,NA,22645130,34.7195467856431,652860,10.588
Afghanistan,AFG,2004,23.8,NA,23553551,36.112339205495,652860,0.9392
Afghanistan,AFG,2005,28.7,NA,24411191,37.4272741210923,652860,13.338
Afghanistan,AFG,2006,33.5,NA,25442944,39.0091593456296,652860,14.774
Afghanistan,AFG,2007,38.4,NA,25903301,39.7149793784401,652860,20.636
Afghanistan,AFG,2008,42.4,NA,26427199,40.5182205663646,652860,40.296
Afghanistan,AFG,2009,48.3,404.6013546769842,27385307,41.9871931680542,652860,64.864
Afghanistan,AFG,2010,42.7,506.922383976213,28189672,43.2204467749107,652860,80.863
Afghanistan,AFG,2011,43.2,568.5774104983402,29249157,44.8448507428361,652860,118.006
Afghanistan,AFG,2012,69.1,607.6121178130627,30466479,46.7112506324456,652860,101.766
Afghanistan,AFG,2013,68,598.8995846163791,31541209,48.3590282569032,652860,86.911
Afghanistan,AFG,2014,89.5,577.2601843509807,32716210,50.160541526762,652860,82.797
Afghanistan,AFG,2015,71.5,550.241360031403,33753499,51.7509145546816,652860,87.196
Afghanistan,AFG,2016,97.7,485.7922294044408,34636207,53.1042837649295,652860,79.373
Afghanistan,AFG,2017,97.7,498.04122115479777,35643418,54.6485411587937,652860,85.469
Afghanistan,AFG,2018,93.4,467.2860344326284,36686784,56.2482314520951,652860,81.289
Afghanistan,AFG,2019,97.7,469.47776010933046,37769499,57.9082516903546,652860,74.479
Afghanistan,AFG,2020,97.7,476.8990597364072,38972230,59.7522806371985,652860,54.687
Afghanistan,AFG,2021,97.7,339.68211440290645,40099462,61.4805544056544,652860,56.392
Aruba,ABW,2000,91.7,18604.83443916735,89101,495.005555555556,180,0.2461
Aruba,ABW,2001,100,18128.18246753603,90691,503.838888888889,180,0.2541
Aruba,ABW,2002,100,17676.121217246488,91781,509.894444444444,180,0.2726
Aruba,ABW,2003,100,19169.39442891296,92701,515.005555555556,180,0.3166
Aruba,ABW,2004,100,20771.109415231025,93540,519.666666666667,180,0.327
Aruba,ABW,2005,100,17354.655943640868,94483,524.905555555556,180,0.3582
Aruba,ABW,2006,100,22021.670315181684,95606,531.144444444444,180,0.3856
Aruba,ABW,2007,100,20791.855272045108,96787,537.705555555556,180,0.4245
Aruba,ABW,2008,100,24816.242379671414,97996,544.422222222222,180,0.4208
Aruba,ABW,2009,100,22257.058757249422,99212,551.177777777778,180,0.4581
Aruba,ABW,2010,93.4,20513.792952012936,100341,557.45,180,0.4501
Aruba,ABW,2011,100,20830.501780529878,101288,562.711111111111,180,0.2754
Aruba,ABW,2012,100,21813.971803901502,102112,567.288888888889,180,0.3685
Aruba,ABW,2013,100,22115.61421334652,102880,571.555555555556,180,0.4249
Aruba,ABW,2014,100,23111.232224385585,103594,575.522222222222,180,0.4353
Aruba,ABW,2015,100,24093.582638891297,104257,579.205555555556,180,0.4367
Aruba,ABW,2016,100,24018.878424644143,104874,582.633333333333,180,0.4537
Aruba,ABW,2017,100,24457.6022653116,105439,585.772222222222,180,0.4268
Aruba,ABW,2018,100,24859.52543525075,105962,588.677777777778,180,0.4611
Aruba,ABW,2019,100,26702.13215664953,106442,591.344444444444,180,0.5338
Aruba,ABW,2020,100,20971.438087209837,106585,592.138888888889,180,0.4536
Aruba,ABW,2021,100,24994.77298797704,106537,591.872222222222,180,0.438
Bangladesh,BGD,2000,32,392.89765998592793,129193327,992.49694245986,148460,264.911
Bangladesh,BGD,2001,35,388.52983856387664,131670484,1011.52711070139,148460,320.811
Bangladesh,BGD,2002,37.8,390.1791648034813,134139826,1030.49724206806,148460,337.648
Bangladesh,BGD,2003,40.5,422.0109221439788,136503206,1048.65334562495,148460,353.627
Bangladesh,BGD,2004,40.6,450.7535714881847,138789725,1066.21898286856,148460,373.599
Bangladesh,BGD,2005,44.2,473.6404169715524,140912590,1082.52738726281,148460,397.724
Bangladesh,BGD,2006,50.5,484.9092377784797,142628831,1095.71199969271,148460,427.606
Bangladesh,BGD,2007,46.5,537.441578718239,144135934,1107.28995928401,148460,451.995
Bangladesh,BGD,2008,54.3,622.1783317265051,145421318,1117.1646155028,148460,505.364
Bangladesh,BGD,2009,57.1,691.2005162898164,146706810,1127.04010140585,148460,537.296
Bangladesh,BGD,2010,55.3,768.8680503888713,148391139,1139.97955750173,148460,595.502
Bangladesh,BGD,2011,59.6,845.2144903131499,150211005,1153.96024429592,148460,633.987
Bangladesh,BGD,2012,65.5,870.414581415607,152090649,1168.40016132749,148460,68.091
Bangladesh,BGD,2013,61.5,964.944097362783,154030139,1183.29983099024,148460,718.655
Bangladesh,BGD,2014,62.4,1082.6609889077674,155961299,1198.13550741338,147630,756.482
Bangladesh,BGD,2015,74,1205.9318368434328,157830000,1212.49135745563,147630,846.333
Bangladesh,BGD,2016,75.9,1590.937290639394,159784568,1227.50686025966,147630,928.755
Bangladesh,BGD,2017,88,1716.254391932007,161793964,1242.94356610586,147977,NA
Bangladesh,BGD,2018,86.9,1868.098125022276,163683958,1257.46299454559,147570,109.984
Bangladesh,BGD,2019,92.2,2178.80295519644,165516222,1271.53892601982,147570,NA
Bangladesh,BGD,2020,96.2,2290.392475298202,167420951,1286.17155258508,147570,997.782
Bangladesh,BGD,2021,99,2541.71174641412,169356251,1301.03903357148,147570,NA
Bolivia,BOL,2000,70,835.7543240773294,8592656,7.93192652081602,1098580,81.038
Bolivia,BOL,2001,69.3,807.2583243949636,8746084,8.0735567248223,1098580,78.133
Bolivia,BOL,2002,64,767.4648698111281,8900583,8.21617557463307,1098580,83.467
Bolivia,BOL,2003,72.3,754.939363961726,9057378,8.36091387427305,1098580,89.081
Bolivia,BOL,2004,75.9,781.3538556343791,9216279,8.50759623373027,1098580,93.865
Bolivia,BOL,2005,68.3,814.3920887235059,9377388,8.65631680974799,1098580,98.783
Bolivia,BOL,2006,76.2,941.627236939215,9542663,8.80888304255516,1098580,10.709
Bolivia,BOL,2007,80.2,1070.5102366226374,9711152,8.9644161358811,1098580,119.249
Bolivia,BOL,2008,84.7,1377.4771736431003,9880593,9.12082802547771,1098580,127.492
Bolivia,BOL,2009,86.8,1448.6596150968874,10051317,9.27842425920798,1098580,135.964
Bolivia,BOL,2010,88,1576.3966151653335,10223270,9.43715498938429,1098580,147.076
Bolivia,BOL,2011,88.3,1837.4706132314584,10396246,9.59683005630943,1098580,160.021
Bolivia,BOL,2012,90.4,1962.1297029575776,10569697,9.75694359826456,1098580,169.694
Bolivia,BOL,2013,89.5,2189.597599281248,10743349,9.91724268439029,1098580,18.024
Bolivia,BOL,2014,90,2371.150807937556,10916987,10.0775288470414,1098580,19.309
Bolivia,BOL,2015,91.5,2515.201526724809,11090085,10.2373165328164,1098580,198.345
Bolivia,BOL,2016,91.8,2598.9875010777755,11263015,10.3969491368965,1098580,212.787
Bolivia,BOL,2017,91.8,2742.074657026131,11435533,10.5562014215822,1098580,21.648
Bolivia,BOL,2018,92.8,2882.4018620899974,11606905,10.7143958275639,1098580,21.851
Bolivia,BOL,2019,95.1,2914.4925099051097,11777315,10.8717022062217,1098580,218.707
Bolivia,BOL,2020,97.2,2626.220705349768,11936162,11.0183347179913,1098580,184.606
Bolivia,BOL,2021,98.6,2625.319924751943,12079472,11.1506249423059,1098580,218.668
Brazil,BRA,2000,94.4,3049.840015708788,175873720,21.0422079553585,8515770,NA
Brazil,BRA,2001,96,2553.03127528659,178211881,21.3219545257677,8515770,NA
Brazil,BRA,2002,96.7,2280.035938791091,180476685,21.5929243826976,8515770,NA
Brazil,BRA,2003,97,2467.249663783104,182629278,21.8504688842254,8515770,NA
Brazil,BRA,2004,96.8,2943.664134712028,184722043,22.1008553338422,8515770,NA
Brazil,BRA,2005,97.1,3854.84328249938,186797334,22.3491511269254,8515770,365.166
Brazil,BRA,2006,97.6,4774.95962537831,188820682,22.591232259809,8515770,NA
Brazil,BRA,2007,98.1,5996.46902170707,190779453,22.8255871521654,8515770,389.064
Brazil,BRA,2008,98.5,7084.238256223078,192672317,23.0520566776819,8515770,NA
Brazil,BRA,2009,98.9,6849.15578857777,194517549,23.2728273276112,8515770,NA
Brazil,BRA,2010,98.6,8758.135584954507,196353492,23.4924866058716,8515770,436.393
Brazil,BRA,2011,99.3,10109.91803187968,198185302,23.711651396124,8515770,NA
Brazil,BRA,2012,99.5,9206.275017920672,199977707,23.9261016206955,8515770,NA
Brazil,BRA,2013,99.6,9304.493237585064,201721767,24.1347676636189,8515770,NA
Brazil,BRA,2014,99.7,9089.283144215424,203459650,24.3426946665167,8515770,NA
Brazil,BRA,2015,99.7,6552.617212535389,205188205,24.5495056316357,8515770,NA
Brazil,BRA,2016,99.7,6449.635997244662,206859578,24.7494751224555,8515770,NA
Brazil,BRA,2017,99.8,7502.893701804983,208504960,24.9463349501205,8515770,NA
Brazil,BRA,2018,99.7,6849.38818650754,210166592,25.1451389902538,8515770,468.764
Brazil,BRA,2019,99.8,6679.167884003777,211782878,25.3385176606278,8515770,468.014
Brazil,BRA,2020,99.7,5253.753204467888,213196304,25.5076253807665,8515770,NA
Brazil,BRA,2021,99.5,5647.1339147130875,214326223,25.6428132335663,8515770,NA
Cambodia,KHM,2000,16.6,275.9906559001731,12118841,68.65420915477,181040,20.009
Cambodia,KHM,2001,9.5,293.80290139046144,12338192,69.8968502152731,181040,21.872
Cambodia,KHM,2002,13.1,306.71596778523167,12561779,71.1634885565375,181040,22.475
Cambodia,KHM,2003,19.3,328.706689254826,12787710,72.443405846363,181040,24.176
Cambodia,KHM,2004,14.2,368.00353581560177,13016371,73.738788805801,181040,24.191
Cambodia,KHM,2005,20.5,425.6047640598696,13246583,75.0429583050079,181040,27.008
Cambodia,KHM,2006,27.5,482.4095484025573,13477779,76.3527022433719,181040,30.073
Cambodia,KHM,2007,20.2,566.2409997894244,13714791,77.6953942895989,181040,36.965
Cambodia,KHM,2008,26.4,664.4094928737875,13943888,78.9932472241106,181040,40.967
Cambodia,KHM,2009,25.6,648.5348743622383,14155740,80.193405846363,181040,48.736
Cambodia,KHM,2010,31.1,694.4357583965706,14363532,81.3705642420122,181040,51.579
Cambodia,KHM,2011,37.4,776.740055725155,14573885,82.5622309086789,181040,53.633
Cambodia,KHM,2012,42.3,832.7312062730479,14786640,83.7675050985724,181040,56.303
Cambodia,KHM,2013,50.9,882.1398837785706,14999683,84.9744108316338,181040,56.916
Cambodia,KHM,2014,56.1,944.8351920796364,15210817,86.1705019261274,181040,70.289
Cambodia,KHM,2015,62.7,1006.8996658824052,15417523,87.3415080444142,181040,85.142
Cambodia,KHM,2016,68.8,1100.722298720235,15624584,88.5145252662588,181040,105.914
Cambodia,KHM,2017,89.1,1199.9352892322818,15830689,89.6821266711987,181040,118.491
Cambodia,KHM,2018,80.7,1305.944544638451,16025238,90.7842624065262,181040,123.362
Cambodia,KHM,2019,84,1413.8263934238482,16207746,91.8181849082257,181040,160.476
Cambodia,KHM,2020,86.4,1357.81296884756,16396860,92.8895309313392,181040,166.003
Cambodia,KHM,2021,82.5,1374.9348856050651,16589023,93.9781497847269,181040,175.165
Chad,TCD,2000,3.1,141.17840938058782,8259137,6.55903510165184,1284000,0.2476
Chad,TCD,2001,3.4,173.41223995802338,8538804,6.78113405336722,1284000,0.2456
Chad,TCD,2002,3.8,185.2337936431032,8838369,7.01903510165184,1284000,0.2642
Chad,TCD,2003,4.1,196.34510552169408,9196366,7.30334021601016,1284000,0.3931
Chad,TCD,2004,3.5,231.1989634307588,9613503,7.63461165819568,1284000,0.4397
Chad,TCD,2005,4.8,358.79177849646254,10005012,7.94553049555273,1284000,0.464
Chad,TCD,2006,5.1,392.90542025188176,10365614,8.2319043837357,1284000,0.4841
Chad,TCD,2007,5.5,466.53327943962603,10722731,8.51551064167726,1284000,0.5556
Chad,TCD,2008,5.9,518.2184237575955,11098664,8.81405972045743,1284000,0.4743
Chad,TCD,2009,6.3,598.5296622491545,11496128,9.12970775095299,1284000,0.482
Chad,TCD,2010,6.4,658.0416369080625,11894727,9.44625714739517,1284000,0.509
Chad,TCD,2011,9,697.3580502655944,12317730,9.78218710292249,1284000,0.669
Chad,TCD,2012,7.8,701.4550702144868,12754906,10.1293726175349,1284000,11.972
Chad,TCD,2013,8.1,712.2861998055341,13216766,10.4961610546379,1284000,1.299
Chad,TCD,2014,8.4,774.0643005452457,13697126,10.8776413595934,1284000,1.396
Chad,TCD,2015,7.7,598.2705844120036,14140274,11.2295695679797,1284000,15.922
Chad,TCD,2016,9.2,521.8996154552837,14592585,11.5887746188056,1284000,16.224
Chad,TCD,2017,10.9,472.59415206712976,15085884,11.9805304955527,1284000,2.097
Chad,TCD,2018,10.1,527.8435345959475,15604210,12.3921616899619,1284000,22.064
Chad,TCD,2019,8.4,513.1965778403436,16126866,12.8072315756036,1284000,22.603
Chad,TCD,2020,10.9,455.87675894880056,16644701,13.2184728398983,1284000,19.781
Chad,TCD,2021,11.3,486.3379823454249,17179740,13.643376747141,1284000,21.243
China,CHN,2000,96.7,798.025383405993,1262645000,134.492481002789,9562920,NA
China,CHN,2001,97,876.8712485553012,1271850000,135.473048750848,9562914.2,NA
China,CHN,2002,97.2,965.1136191436112,1280400000,136.383779609948,9562913.2,4143.91
China,CHN,2003,97.4,1084.0777355583514,1288400000,137.235919250104,9562912.7,NA
China,CHN,2004,97.7,1246.4715169868407,1296075000,138.053436689892,9562912.5,NA
China,CHN,2005,97.9,1428.7871446123247,1303720000,138.867766063821,9562911.8,NA
China,CHN,2006,98.2,1700.974005657122,1311020000,139.645342881819,9562911.4,NA
China,CHN,2007,98.5,2168.1968899697545,1317885000,140.376588050196,9562910.8,NA
China,CHN,2008,98.8,2703.096788988764,1324655000,141.097705219827,9562910.8,NA
China,CHN,2009,99.1,3041.782138981476,1331260000,141.801244134798,9562911,NA
China,CHN,2010,99.7,3487.2589929554947,1337705000,142.487743405,9562911,NA
China,CHN,2011,99.9,4132.672200880118,1345035000,143.268509836432,9562911,NA
China,CHN,2012,99.9,4770.26318228205,1354190000,144.243669001474,9562911,NA
China,CHN,2013,100,5239.785134007379,1363240000,145.207643927049,9562911,NA
China,CHN,2014,100,5753.408667802121,1371860000,146.125816729087,9562911,NA
China,CHN,2015,100,6012.71864865345,1379860000,146.977949259981,9562911,NA
China,CHN,2016,100,6078.485221504067,1387790000,147.822641376791,9562910,NA
China,CHN,2017,100,6658.943734734787,1396215000,148.720043543977,9562910,NA
China,CHN,2018,100,7331.859806010509,1402760000,149.417194545073,9562910,NA
China,CHN,2019,100,7470.1138148591535,1407745000,149.948179684945,9562910,NA
China,CHN,2020,100,7510.442655693926,1411100000,150.305542803154,9562910,NA
China,CHN,2021,100,9015.348004136766,1412360000,150.439753691066,9562910,NA
Czechia,CZE,2000,100,4584.305928142587,10255063,132.717264138734,78870,131.655
Czechia,CZE,2001,100,5013.579633846223,10216605,132.219554807817,78870,NA
Czechia,CZE,2002,100,6065.42088764041,10196916,131.96474699107,78870,NA
Czechia,CZE,2003,100,7403.995126189714,10193998,131.926983305293,78870,NA
Czechia,CZE,2004,100,8761.890754352085,10197101,131.984222107171,78870,130.888
Czechia,CZE,2005,100,10122.688799203152,10211216,132.166916903961,78870,128.542
Czechia,CZE,2006,100,11309.785249799954,10238905,132.542459546926,78870,NA
Czechia,CZE,2007,100,13667.796777466136,10298828,133.318161812298,78870,131.169
Czechia,CZE,2008,100,16823.85388734909,10384603,134.445921802175,78870,NA
Czechia,CZE,2009,100,14319.404179343974,10443936,135.214085965821,78870,NA
Czechia,CZE,2010,100,14232.53146455304,10474410,135.626181535673,78870,120.345
Czechia,CZE,2011,100,15447.399675160976,10496088,135.90687556649,78870,117.555
Czechia,CZE,2012,100,14334.344304900158,10510785,136.097177262722,78870,NA
Czechia,CZE,2013,100,14511.85954983474,10514272,136.159958559959,78870,108.945
Czechia,CZE,2014,100,14284.856685489418,10525347,136.30337995338,78870,NA
Czechia,CZE,2015,100,12903.368094770947,10546059,136.589288952208,78870,NA
Czechia,CZE,2016,100,13479.639182783772,10566332,136.851858567543,78870,NA
Czechia,CZE,2017,100,15315.252111987253,10594438,137.21587877218,78870,NA
Czechia,CZE,2018,100,17451.20066787583,10629928,137.675534257221,78870,NA
Czechia,CZE,2019,100,17471.655286562054,10671870,138.226810266108,78870.04,NA
Czechia,CZE,2020,100,16844.235107959368,10697858,138.575928842168,78871.01,942.044
Czechia,CZE,2021,100,19843.782905674994,10505772,136.108349053848,78871.04,NA
Finland,FIN,2000,100,20068.26190919764,5176209,16.9940214714863,338150,572.604
Finland,FIN,2001,100,20702.81710929339,5188008,17.0327587905053,338150,632.357
Finland,FIN,2002,100,22457.67490729047,5200598,17.0740930431071,338150,653.519
Finland,FIN,2003,100,27056.452951433665,5213014,17.1148560359828,338150,737.414
Finland,FIN,2004,100,31502.685400225164,5228172,17.1646212941988,338150,70.017
Finland,FIN,2005,100,32328.40154971297,5246096,17.2234676122,338150,577.818
Finland,FIN,2006,100,34313.956944252175,5266268,17.3169839860577,338440,69.362
Finland,FIN,2007,100,40174.256158745775,5288720,17.3919563287185,338420,674.393
Finland,FIN,2008,100,44209.86342584625,5313399,17.4840375123396,338420,590.946
Finland,FIN,2009,100,38788.56062771755,5338871,17.5678545574202,338420,565.001
Finland,FIN,2010,100,38296.2127011865,5363352,17.6484106614018,338420,65.397
Finland,FIN,2011,100,41789.9558751726,5388272,17.7309947678436,338420,57.768
Finland,FIN,2012,100,38711.30978583724,5413971,17.8155615518773,338420,519.019
Finland,FIN,2013,100,40439.56724799448,5438972,17.897831452170202,338420,530.017
Finland,FIN,2014,100,41149.74787975601,5461512,17.9720030274112,338420,490.463
Finland,FIN,2015,100,35093.91463971022,5479531,18.0301108880919,338446,456.594
Finland,FIN,2016,100,35796.98257574041,5495303,18.0820078312658,338450,484.776
Finland,FIN,2017,100,37839.34243894573,5508214,18.1238944459068,338450,455.711
Finland,FIN,2018,100,40864.148368594106,5515525,18.1479501184522,338450,471.684
Finland,FIN,2019,100,39659.4052411715,5521606,18.1673609054717,338460,437.069
Finland,FIN,2020,100,40405.34387400044,5529543,18.1928768835954,338460,390.201
Finland,FIN,2021,100,44416.20019893984,5541017,18.2301659134121,338470,390.503
Kazakhstan,KAZ,2000,99.6,735.1923428223204,14883626,5.51306663703374,2724902,NA
Kazakhstan,KAZ,2001,99.7,996.5545743065088,14858335,5.50369855909916,2724902,NA
Kazakhstan,KAZ,2002,99.8,1077.318608045859,14858948,5.50392562136534,2724902,142.266
Kazakhstan,KAZ,2003,99.9,1373.021636870474,14909019,5.52247249694411,2724902,NA
Kazakhstan,KAZ,2004,100,1803.7532658413145,15012984,5.56098233137015,2724902,NA
Kazakhstan,KAZ,2005,100,2169.008427858539,15147029,5.61063414453458,2724902,NA
Kazakhstan,KAZ,2006,99.8,2986.3045630644456,15308085,5.67029114346038,2724902,NA
Kazakhstan,KAZ,2007,100,4359.010073406272,15484192,5.73552320628218,2724902,NA
Kazakhstan,KAZ,2008,100,5137.52045749705,15776938,5.84395969922584,2724902,253.123
Kazakhstan,KAZ,2009,100,4786.913638939795,16092822,5.96096677408601,2724902,NA
Kazakhstan,KAZ,2010,100,5831.405947298521,16321872,6.04580953439271,2724902,241.989
Kazakhstan,KAZ,2011,99.8,7228.740912749267,16557202,6.13297847909027,2724902,NA
Kazakhstan,KAZ,2012,100,8029.025193457811,16792090,6.2199837018928,2724902,NA
Kazakhstan,KAZ,2013,100,9587.695642645487,17035551,6.31016446271808,2724902,NA
Kazakhstan,KAZ,2014,100,8915.158593029153,17288285,6.40378004963514,2724902,NA
Kazakhstan,KAZ,2015,100,8079.618062632966,17542806,6.49805756195133,2724902,NA
Kazakhstan,KAZ,2016,100,5751.421487459379,17794055,6.59112308775049,2724902,NA
Kazakhstan,KAZ,2017,100,6649.911891666966,18037776,6.68140015557284,2724902,NA
Kazakhstan,KAZ,2018,100,6607.201973819864,18276452,6.76980849724043,2724902,NA
Kazakhstan,KAZ,2019,100,6710.962812668778,18513673,6.85767789013594,2724902,NA
Kazakhstan,KAZ,2020,100,6769.059868167571,18755666,6.94731488683928,2724900,222.677
Kazakhstan,KAZ,2021,100,6545.72172734553,19191356,7.10869948512798,2724900,NA
Mali,MLI,2000,9.6,235.87614047512076,11239101,9.21094337767069,1240190,0.8217
Mali,MLI,2001,10.8,258.3916726768388,11583824,9.4934592153681,1240190,0.8427
Mali,MLI,2002,13,269.28548473231814,11952660,9.79573672952573,1240190,0.8759
Mali,MLI,2003,14.7,332.5848384586416,12342165,10.1149534088953,1240190,0.8952
Mali,MLI,2004,16.4,372.2071119451035,12751995,10.4508273301699,1240190,0.9222
Mali,MLI,2005,18.2,415.2015778872872,13180551,10.8020480416984,1240190,0.9507
Mali,MLI,2006,16.6,426.80022070152023,13623541,11.1650980584991,1240190,11.485
Mali,MLI,2007,21.7,482.08098125561463,14080912,11.5399339447135,1240190,13.647
Mali,MLI,2008,23.4,573.0174268486729,14551117,11.9252878650046,1240190,15.792
Mali,MLI,2009,24,564.8718712547341,15032635,12.3199132921922,1240190,19.906
Mali,MLI,2010,27,578.4053441734997,15529181,12.7268548340832,1240190,20.062
Mali,MLI,2011,28.8,672.9874815919827,16039734,13.1452757357461,1240190,21.557
Mali,MLI,2012,25.6,600.6834786104611,16514687,13.5345208533097,1240190,2.279
Mali,MLI,2013,32.4,641.729845106258,17004033,13.9355616748211,1240190,27.302
Mali,MLI,2014,34.2,699.6640466426661,17551814,14.3844925790246,1240190,29.284
Mali,MLI,2015,37.6,620.0002104560688,18112907,14.8443332595743,1240190,35.238
Mali,MLI,2016,38.8,641.2492801410217,18700106,15.3255689687672,1240190,44.396
Mali,MLI,2017,34.8,684.8257977422869,19311355,15.8265147231169,1240190,49.105
Mali,MLI,2018,50.9,735.808588469471,19934298,16.3370442308165,1240190,52.932
Mali,MLI,2019,47.9,711.910861057447,20567424,16.8559191601308,1240190,57.857
Mali,MLI,2020,50.6,687.2275509093791,21224040,17.3940451896836,1240190,59.354
Mali,MLI,2021,53.4,662.1401852393037,21904983,17.952108278219,1240190,64.397
New Zealand,NZL,2000,100,10713.477088459264,3857700,14.6507918423151,267710,329.467
New Zealand,NZL,2001,100,11055.34565611068,3880500,14.7373817933235,267710,34.838
New Zealand,NZL,2002,100,13539.773575912524,3948500,14.9956325244009,267710,350.338
New Zealand,NZL,2003,100,17792.4675275219,4027200,15.2945197675743,267710,359.282
New Zealand,NZL,2004,100,20395.30592340658,4087500,15.5235274011621,267710,355.247
New Zealand,NZL,2005,100,21955.786634599768,4133900,15.6997455470738,267710,361.872
New Zealand,NZL,2006,100,20882.77271763844,4184600,15.8922942539212,267710,362.924
New Zealand,NZL,2007,100,25405.15074352716,4223800,16.0411682047776,267710,350.388
New Zealand,NZL,2008,100,23867.851209317105,4259800,16.1778891800539,267710,361.512
New Zealand,NZL,2009,100,22466.3564739316,4302600,16.340435228438,267710,333.764
New Zealand,NZL,2010,100,26700.63662278668,4350700,16.5231096426266,267710,334.113
New Zealand,NZL,2011,100,30794.530891934533,4384000,16.6495765447571,267710,326.476
New Zealand,NZL,2012,100,32281.409692634465,4408100,16.7411036420949,267710,346.971
New Zealand,NZL,2013,100,35087.22424483961,4442100,16.8702290076336,267710,345.168
New Zealand,NZL,2014,100,36328.597632335885,4516500,17.1527856898713,267710,352.338
New Zealand,NZL,2015,100,31702.73037218944,4609400,17.5056017621815,267710,353.377
New Zealand,NZL,2016,100,33030.98367621858,4714100,17.9032319319433,267710,347.046
New Zealand,NZL,2017,100,35289.26093932878,4813600,18.2811135163875,267710,362.127
New Zealand,NZL,2018,100,35119.88385603722,4900600,18.6115225399719,267710,358.545
New Zealand,NZL,2019,100,35420.77532548502,4979200,18.9100300026585,267710,375.872
New Zealand,NZL,2020,100,34536.81715918451,5090200,19.3315863430937,267710,346.784
New Zealand,NZL,2021,100,40518.24553515896,5111300,19.4117200258251,267710,345.434
Qatar,QAT,2000,100,17633.618388187548,645937,55.6362618432386,11610,317.716
Qatar,QAT,2001,100,17989.92478841744,678831,58.4695090439277,11610,324.497
Qatar,QAT,2002,100,20712.06142774157,713186,61.4285960378984,11610,362.212
Qatar,QAT,2003,100,24739.871857417056,748525,64.4724375538329,11610,382.895
Qatar,QAT,2004,100,29508.146496500383,777943,67.0062876830319,11610,411.923
Qatar,QAT,2005,100,34639.698071495564,848710,73.1016365202412,11610,435.827
Qatar,QAT,2006,100,41043.478928337725,1015060,87.4298018949182,11610,490.111
Qatar,QAT,2007,100,44525.292125839915,1231893,106.106201550388,11610,552.063
Qatar,QAT,2008,100,52540.949387331646,1444277,124.39939707149,11610,597.769
Qatar,QAT,2009,100,39628.30104765214,1610274,138.697157622739,11610,612.409
Qatar,QAT,2010,100,44814.39453720131,1713504,147.588630490956,11610,692.721
Qatar,QAT,2011,100,57215.051128452345,1804171,155.398018949182,11610,782.509
Qatar,QAT,2012,100,62396.34987422415,1905660,164.139534883721,11610,81.909
Qatar,QAT,2013,100,64743.930715778566,2035501,175.323083548665,11610,88.873
Qatar,QAT,2014,100,64341.48063345368,2214465,192.729765013055,11490,952.995
Qatar,QAT,2015,100,49756.665061372754,2414573,210.145604873803,11490,988.829
Qatar,QAT,2016,100,44583.6541150227,2595166,225.863011314186,11490,NA
Qatar,QAT,2017,100,45179.93600564431,2711755,236.01000870322,11490,NA
Qatar,QAT,2018,100,48208.696141152446,2766732,240.794778067885,11490,NA
Qatar,QAT,2019,100,45786.143828420136,2807235,244.319843342037,11490,NA
Qatar,QAT,2020,100,38674.498543134745,2760385,240.242384682332,11490,101.943
Qatar,QAT,2021,100,48152.551731688254,2688235,233.963011314186,11490,NA
Tanzania,TZA,2000,8.7,333.656433105469,34463704,38.9068683675773,947300,30.681
Tanzania,TZA,2001,9.7,328.0361328125,35414469,39.9802088507564,947300,32.504
Tanzania,TZA,2002,10.7,342.091674804688,36353531,41.0403375479792,947300,37.077
Tanzania,TZA,2003,11.1,358.487396240234,37333918,42.147118988485,947300,39.309
Tanzania,TZA,2004,11.4,384.937225341797,38360879,43.3064788891398,947300,53.035
Tanzania,TZA,2005,13.8,416.026031494141,39439505,44.5241645969745,947300,59.314
Tanzania,TZA,2006,14.9,417.683410644531,40562052,45.7914337322195,947300,61.828
Tanzania,TZA,2007,15.9,468.028839111328,41716497,47.0947132535561,947300,60.578
Tanzania,TZA,2008,11.5,580.059875488281,42870884,48.3979272973583,947300,62.215
Tanzania,TZA,2009,11.2,569.196044921875,43957933,49.6251219236848,947300,60.544
Tanzania,TZA,2010,14.8,586.049255371094,45110527,50.9263118085347,947300,70.854
Tanzania,TZA,2011,14.2,593.00048828125,46416031,52.4001253104538,947300,81.329
Tanzania,TZA,2012,15.3,624.233764648438,47786137,53.9468694965003,947300,97.231
Tanzania,TZA,2013,16.4,739.359741210938,49253643,55.6035707834726,947300,10.886
Tanzania,TZA,2014,23.5,812.667602539063,50814552,57.3657168661097,947300,102.007
Tanzania,TZA,2015,26.2,768.614624023438,52542823,59.3168017611199,947300,108.771
Tanzania,TZA,2016,32.8,786.23193359375,54401802,61.4154459245879,947300,109.902
Tanzania,TZA,2017,32.1,828.0517578125,56267032,63.5211469857756,947300,120.164
Tanzania,TZA,2018,34.9,884.947631835938,58090443,65.5796376157146,947300,124.214
Tanzania,TZA,2019,37.7,942.602661132813,59872579,67.5915319485211,947300,152.689
Tanzania,TZA,2020,39.9,927.706909179688,61704518,69.6596500338677,947300,149.115
Tanzania,TZA,2021,42.7,960.039123535156,63588334,71.7863332580718,947300,165.412
Viet Nam,VNM,2000,88.2,341.5823410903212,79001142,253.973966437343,329240,565.588
Viet Nam,VNM,2001,88.9,354.925355279629,79817777,256.574550773088,329250,621.131
Viet Nam,VNM,2002,89.1,373.5844080971876,80642308,259.675762357108,329300,730.981
Viet Nam,VNM,2003,90.3,408.1725591618324,81475825,262.765907698262,329310,776.578
Viet Nam,VNM,2004,91,438.5655345573248,82311227,265.460144483504,329314,919.428
Viet Nam,VNM,2005,96.1,538.4825176827384,83142095,265.768099681304,331212,NA
Viet Nam,VNM,2006,96,604.5868622252674,83951800,268.392397576688,331212,103.157
Viet Nam,VNM,2007,93.1,707.0774749994292,84762269,271.188928134938,331212,NA
Viet Nam,VNM,2008,93.8,883.0267278683585,85597241,273.655467531139,331051,NA
Viet Nam,VNM,2009,96.1,935.1471198779556,86482923,276.513524660924,331051,NA
Viet Nam,VNM,2010,97.4,1319.425727344582,87411012,279.006339093631,330954,NA
Viet Nam,VNM,2011,99,1529.1833025921471,88349117,282.009668543558,330957,NA
Viet Nam,VNM,2012,97.9,1729.8480006135742,89301326,284.891790580526,330951,156.776
Viet Nam,VNM,2013,98.5,1895.2804435934304,90267739,288.388578631689,330960,NA
Viet Nam,VNM,2014,99.2,2061.7001311279,91235504,291.142141423425,331230,NA
Viet Nam,VNM,2015,99.3,2093.610446974836,92191398,294.181235102096,331230,NA
Viet Nam,VNM,2016,99.2,2224.0701152006213,93126529,297.161429797662,331230,NA
Viet Nam,VNM,2017,100,2404.5764380017326,94033048,300.038761594497,331230,NA
Viet Nam,VNM,2018,100,2649.165825902432,94914330,302.825616008729,331240,NA
Viet Nam,VNM,2019,99.4,2829.363293756272,95776716,305.577071681306,331310,333.616
Viet Nam,VNM,2020,99.8,2941.226206497409,96648685,308.359102061392,331340,NA
Viet Nam,VNM,2021,100,3037.456604620721,97468029,310.973231577167,331340,NA
Thailand,THA,2000,82.1,1573.753420841262,63066603,123.444582982638,513120,NA
Thailand,THA,2001,90.4,1458.4818642159123,63649892,124.586294505667,513120,NA
Thailand,THA,2002,91,1639.320926954585,64222580,125.707255965081,513120,NA
Thailand,THA,2003,91.6,1849.7084244716284,64776956,126.79237409227,513120,NA
Thailand,THA,2004,92.2,2093.2428213247945,65311166,127.838019926011,513120,NA
Thailand,THA,2005,92.8,2261.2962459833857,65821360,128.836657597526,513120,NA
Thailand,THA,2006,99.1,2663.8505037345785,66319525,129.811750083188,513120,NA
Thailand,THA,2007,94.1,3170.473449214382,66826754,130.804584157059,513120,237.214
Thailand,THA,2008,94.8,3412.4861408142574,67328239,131.786175106187,513120,NA
Thailand,THA,2009,99,3306.3718668551173,67813654,132.736311143299,513120,NA
Thailand,THA,2010,99.7,3957.815939600184,68270489,133.630505588287,513120,NA
Thailand,THA,2011,99.3,4316.3465890356365,68712846,134.496361251933,513120,NA
Thailand,THA,2012,99.1,4450.773234009119,69157023,135.365779326274,513120,264.102
Thailand,THA,2013,99.4,4562.549179690029,69578602,136.19096478694,513120,NA
Thailand,THA,2014,99.5,4430.69493080099,69960943,136.939347021864,513120,NA
Thailand,THA,2015,99.6,4364.61802777584,70294397,137.592039382254,513120,NA
Thailand,THA,2016,99.9,4522.756366910044,70607037,138.2039910744,513120,NA
Thailand,THA,2017,99.9,4990.937473435306,70898202,138.773908277711,513120,274.037
Thailand,THA,2018,99.8,5478.561738934855,71127802,139.223320088473,513120,271.251
Thailand,THA,2019,99.9,5947.109849233161,71307763,139.57557008358,513120,NA
Thailand,THA,2020,100,5454.1011835428335,71475664,139.90421421441,513120,NA
Thailand,THA,2021,100,5402.522176287005,71601103,140.149744563409,513120,NA
Russian Federation,RUS,2000,97.8,1279.40368652344,146596869,8.94901570933758,17098240,NA
Russian Federation,RUS,2001,97.9,1567.56982421875,145976482,8.91163375342787,17098240,NA
Russian Federation,RUS,2002,97.9,1784.85009765625,145306497,8.87046146313948,17098240,1657.09
Russian Federation,RUS,2003,97.9,2217.1611328125,144648618,8.83027865243716,17098240,NA
Russian Federation,RUS,2004,98,3147.06860351563,144067316,8.79465803239439,17098240,NA
Russian Federation,RUS,2005,98,4072.2734375,143518814,8.76108889416588,17098240,NA
Russian Federation,RUS,2006,98.1,5363.662109375,143049637,8.73439418381291,17098240,NA
Russian Federation,RUS,2007,98.2,7270.67919921875,142805114,8.71946397976766,17098240,NA
Russian Federation,RUS,2008,98.3,9083.5810546875,142742366,8.71609568861449,17098240,NA
Russian Federation,RUS,2009,98.4,6691.59033203125,142785348,8.71872024385612,17098240,NA
Russian Federation,RUS,2010,99.3,8539.91796875,142849468,8.72263552192818,17098250,NA
Russian Federation,RUS,2011,99.2,11354.2119140625,143018195,8.73293828429975,17098250,NA
Russian Federation,RUS,2012,100,12219.1728515625,143378447,8.75493589434367,17098250,NA
Russian Federation,RUS,2013,100,12561.48046875,143805638,8.78102091547408,17098250,NA
Russian Federation,RUS,2014,100,11003.34375,144237223,8.80737424184231,17098250,NA
Russian Federation,RUS,2015,95.5,7375.267578125,144640716,8.8320122221157,17098250,NA
Russian Federation,RUS,2016,99.4,6884.12744140625,145015460,8.85489473873823,17098250,NA
Russian Federation,RUS,2017,100,8400.7626953125,145293260,8.87185768709161,17098250,NA
Russian Federation,RUS,2018,100,8667.76171875,145398106,8.87825976514438,17098250,NA
Russian Federation,RUS,2019,99.8,8831.005859375,145453291,8.88162945666663,17098250,NA
Russian Federation,RUS,2020,99.9,8080.5556640625,145245148,8.86891988517952,17098250,NA
Russian Federation,RUS,2021,100,8992.818359375,144746762,8.83848757424343,17098250,NA
United Kingdom,GBR,2000,100,24401.02043315726,58892514,243.427908899268,243610,NA
United Kingdom,GBR,2001,100,24062.701850480804,59119673,244.366854048692,243610,NA
United Kingdom,GBR,2002,100,26117.410793851603,59370479,245.40354234696,243610,NA
United Kingdom,GBR,2003,100,29959.88351876489,59647577,246.548906708552,243610,NA
United Kingdom,GBR,2004,100,35034.76125356103,59987905,247.955627660894,243610,NA
United Kingdom,GBR,2005,100,36605.041787585,60401206,249.663977183483,243610,NA
United Kingdom,GBR,2006,100,37973.61519314781,60846820,251.50589013351,243610,NA
United Kingdom,GBR,2007,100,42710.9708799221,61322463,253.471925763651,243610,NA
United Kingdom,GBR,2008,100,39510.51714662766,61806995,255.474703426611,243610,NA
United Kingdom,GBR,2009,100,32299.43394017127,62276270,257.414417393461,243610,481.789
United Kingdom,GBR,2010,100,33571.199311961114,62766365,259.440189310958,243610,NA
United Kingdom,GBR,2011,100,35752.95819658131,63258810,261.475674781962,243610,NA
United Kingdom,GBR,2012,100,35519.33019401599,63700215,263.300190137643,243610,NA
United Kingdom,GBR,2013,100,36085.94595411855,64128273,265.069536642831,243610,NA
United Kingdom,GBR,2014,100,39539.11649638562,64602298,267.028884388046,243610,NA
United Kingdom,GBR,2015,100,37441.0284183644,65116219,269.153139337825,243610,NA
United Kingdom,GBR,2016,100,34104.35681424501,65611593,271.200731616583,243610,NA
United Kingdom,GBR,2017,100,34065.891026246005,66058859,273.049472988054,243610,NA
United Kingdom,GBR,2018,100,36072.66320837174,66460344,274.708981936924,243610,NA
United Kingdom,GBR,2019,100,NA,66836327,276.263080229819,243610,357.881
United Kingdom,GBR,2020,100,NA,67081234,277.27538544207,243610,NA
United Kingdom,GBR,2021,100,NA,67026292,277.048286694498,243610,NA
United States,USA,2000,100,31166.93814124143,282162411,30.7973013298523,9632030,NA
United States,USA,2001,100,31888.818031455958,284968955,31.1036283879362,9632030,NA
United States,USA,2002,100,32505.703802484404,287625193,31.3935499327652,9632030,NA
United States,USA,2003,100,33555.3389578932,290107933,31.6645346171981,9632030,NA
United States,USA,2004,100,35535.18689849321,292805298,31.9589450682826,9632030,NA
United States,USA,2005,100,37454.47224692411,295516599,32.2548765979183,9632030,NA
United States,USA,2006,100,39721.626650089966,298379912,32.5673998463204,9632030,NA
United States,USA,2007,100,40525.81974749184,301231207,32.8786113609374,9632030,NA
United States,USA,2008,100,40165.55097889413,304093966,33.2436868537795,9831510,NA
United States,USA,2009,100,39149.31114728218,306771529,33.5363992251367,9831510,NA
United States,USA,2010,100,41128.27454545721,309327143,33.8157800778799,9831510,NA
United States,USA,2011,100,42673.67928939051,311583481,34.0624439459432,9831510,NA
United States,USA,2012,100,44760.64515240686,313877662,34.3132448275033,9831510,NA
United States,USA,2013,100,45715.10837195926,316059947,34.5518131888554,9831510,NA
United States,USA,2014,100,47633.251783604064,318386329,34.8061342979769,9831510,NA
United States,USA,2015,100,49077.96634357062,320738994,35.0633286762825,9831510,NA
United States,USA,2016,100,49564.3519767542,323071755,35.3183471405052,9831510,NA
United States,USA,2017,100,51472.05801242079,325122128,35.5424948236771,9831510,NA
United States,USA,2018,100,53858.129984877625,326838199,35.7300964643583,9831510,NA
United States,USA,2019,100,55620.403897713215,328329953,35.893175671391496,9831510,NA
United States,USA,2020,100,53872.15309698685,331526933,36.2426709389095,9831510,NA
United States,USA,2021,100,59006.35854165092,332048977,36.2997410198723,9831510,NA
India,IND,2000,60.3,387.07490737867033,1059633675,356.396219212361,3287260,NA
India,IND,2001,62,395.2093505840468,1078970907,362.900086102805,3287260,NA
India,IND,2002,62.3,412.3712255304828,1098313039,369.405601054759,3287260,NA
India,IND,2003,65.4,479.16883183125134,1117415123,375.830378482371,3287260,NA
India,IND,2004,64.4,546.4966566847161,1136264583,382.170188585324,3287260,NA
India,IND,2005,68.8,619.8163160928904,1154638713,388.350126631665,3287260,NA
India,IND,2006,67.9,698.5147716091567,1172373788,394.31512550492897,3287260,NA
India,IND,2007,72.3,890.9949145551105,1189691809,400.139852818017,3287260,NA
India,IND,2008,74.1,851.4178888965849,1206734806,405.872078810974,3287260,NA
India,IND,2009,75,957.6586772298565,1223640160,411.558010083446,3287260,NA
India,IND,2010,76.3,1168.2930596530773,1240613620,417.266848065546,3287260,NA
India,IND,2011,79.5,1247.9996995984302,1257621191,422.987158910127,3287260,NA
India,IND,2012,79.9,1236.6491506983143,1274487215,428.65986196644,3287260,NA
India,IND,2013,83.1,1241.3092147730824,1291132063,434.258174889597,3287260,NA
India,IND,2014,85.1,1351.7736812619326,1307246509,439.678092890128,3287260,NA
India,IND,2015,88,1390.3125420467125,1322866505,444.931708030768,3287260,NA
India,IND,2016,89.6,1487.7660406117543,1338636340,450.235719883358,3287260,NA
India,IND,2017,91.8,1717.793517846099,1354195680,455.468934040542,3287260,NA
India,IND,2018,95.7,1726.2843161206872,1369003306,460.44931739983,3287260,NA
India,IND,2019,95.9,1792.586442335225,1383112050,465.194639427685,3287260,NA
India,IND,2020,96.5,1645.1303520288038,1396387127,469.659566660725,3287260,NA
India,IND,2021,99.6,1916.1257470572268,1407563842,473.418732741601,3287260,NA
Peru,PER,2000,72.5,1696.0413633626056,26654439,20.82378046875,1285220,289.765
Peru,PER,2001,72.1,1712.36569031145,27014909,21.10539765625,1285220,269.289
Peru,PER,2002,74.4,1783.5505128283107,27334503,21.35508046875,1285220,280.918
Peru,PER,2003,74.4,1871.758230236936,27623341,21.58073515625,1285220,275.427
Peru,PER,2004,75.7,2029.5063073070069,27893911,21.79211796875,1285220,318.107
Peru,PER,2005,77.2,2254.790978000596,28147267,21.99005234375,1285220,318.298
Peru,PER,2006,80.2,2450.880566501075,28381078,22.1727171875,1285220,314.792
Peru,PER,2007,82,2834.8643081136665,28600387,22.34405234375,1285220,343.648
Peru,PER,2008,84.7,3422.265013501642,28806185,22.50483203125,1285220,389.829
Peru,PER,2009,86.4,3474.027351853504,29009326,22.6635359375,1285220,419.637
Peru,PER,2010,88.1,4146.108961106581,29229572,22.835603125,1285220,458.354
Peru,PER,2011,89.7,4732.8048766068105,29477721,23.02946953125,1285220,491.665
Peru,PER,2012,91.1,5373.173893031564,29749589,23.24186640625,1285220,491.075
Peru,PER,2013,92.1,5668.553125198772,30038809,23.46781953125,1285220,501.197
Peru,PER,2014,92.9,5662.322844404604,30353951,23.71402421875,1285220,531.694
Peru,PER,2015,93.9,5349.620439211943,30711863,23.99364296875,1285220,547.017
Peru,PER,2016,94.2,5217.968702488332,31132779,24.32248359375,1285220,574.518
Peru,PER,2017,94.8,5556.126981946077,31605486,24.6917859375,1285220,551.327
Peru,PER,2018,95.2,5704.080291150208,32203944,25.15933125,1285220,552.877
Peru,PER,2019,95.6,5964.372766514868,32824861,25.64442265625,1285220,581.542
Peru,PER,2020,96.2,5207.104702036971,33304756,26.019340625,1285220,475.498
Peru,PER,2021,95.6,5056.798183014172,33715471,26.34021171875,1285220,557.122
Pakistan,PAK,2000,72.8,462.7567493823356,154369924,200.251561851391,796100,NA
Pakistan,PAK,2001,73.9,434.26456706961153,159217727,206.540222862183,796100,NA
Pakistan,PAK,2002,74.9,424.16188371984873,163262807,211.787576535907,796100,NA
Pakistan,PAK,2003,76,481.48466528658713,166876680,216.475560398506,796100,NA
Pakistan,PAK,2004,77,556.1785929465929,170648620,221.368591739311,796100,NA
Pakistan,PAK,2005,78.1,605.0769242368181,174372098,226.198757264425,796100,NA
Pakistan,PAK,2006,79.1,679.0329763402854,178069984,230.995724366957,796100,NA
Pakistan,PAK,2007,80.2,740.6946368279569,181924521,235.995902085928,796100,159.775
Pakistan,PAK,2008,81.4,813.7498424712096,185931955,241.1944206621,796100,NA
Pakistan,PAK,2009,82.5,795.9161276501508,190123222,246.631410855127,796100,NA
Pakistan,PAK,2010,87.1,828.4239182875574,194454498,252.250023349938,796100,NA
Pakistan,PAK,2011,87.8,988.1402204402942,198602738,257.631198111249,796100,NA
Pakistan,PAK,2012,88.6,1019.4047903893152,202205861,262.305236872146,796100,NA
Pakistan,PAK,2013,89.3,1038.07530867258,205337562,266.367738169365,796100,NA
Pakistan,PAK,2014,90.1,1086.098155257605,208251628,270.147919261104,796100,NA
Pakistan,PAK,2015,91,1194.1882424025698,210969298,273.673331776671,796100,NA
Pakistan,PAK,2016,91.8,1369.899921529453,213524840,276.988428808634,796100,NA
Pakistan,PAK,2017,92.7,1463.0983554513805,216379655,280.691748391449,796100,NA
Pakistan,PAK,2018,93.4,1508.9529370228925,219731479,285.039797374429,796100,NA
Pakistan,PAK,2019,93.9,1336.6373201061042,223293280,289.660232461602,796100,NA
Pakistan,PAK,2020,94.5,1230.6138536035076,227196741,294.723875311333,796100,NA
Pakistan,PAK,2021,94.9,1410.8083101039133,231402117,300.179167963885,796100,NA
Ghana,GHA,2000,43.7,190.3497116495831,19665502,86.4265711523249,238540,60.859
Ghana,GHA,2001,44.8,202.33114927389448,20195577,88.7561615540125,238540,65.732
Ghana,GHA,2002,46.8,226.1205540008905,20758326,91.2293486859453,238540,77.515
Ghana,GHA,2003,48.3,262.88326937284035,21329514,93.7396238024084,238540,72.791
Ghana,GHA,2004,50.8,310.8287284939984,21906444,96.2751340423662,238540,68.006
Ghana,GHA,2005,41.3,376.2137152011457,22496951,98.8703129120155,238540,71.877
Ghana,GHA,2006,55.1,739.3080478973734,23098586,101.514397468577,238540,87.214
Ghana,GHA,2007,56.9,866.1538767405704,23708320,104.194075766898,238540,92.113
Ghana,GHA,2008,60.5,977.8787765160793,24326087,106.909057748088,238540,87.465
Ghana,GHA,2009,61.1,855.4245711060366,24950762,109.65439922651,238540,100.472
Ghana,GHA,2010,64.2,1023.8612528058276,25574719,112.396585215786,238540,112.486
Ghana,GHA,2011,64.1,1143.8766987060988,26205941,115.170699657203,238540,121.404
Ghana,GHA,2012,56.5,1151.2858763114994,26858762,118.039738068032,238540,146.508
Ghana,GHA,2013,70.7,1839.7889570629,27525597,120.970365649996,238540,155.766
Ghana,GHA,2014,78.3,1489.1438905729774,28196358,123.918247341127,238540,150.114
Ghana,GHA,2015,74,1350.6952929389274,28870939,126.882917289268,238540,158.021
Ghana,GHA,2016,79.3,1517.5100532221925,29554303,129.886187044036,238540,162.048
Ghana,GHA,2017,79,1556.1538831975747,30222262,132.821754416806,238540,168.624
Ghana,GHA,2018,80.4,1728.1659101030652,30870641,135.671270985321,238540,190.057
Ghana,GHA,2019,83.5,1728.3921910505044,31522290,138.535158653424,238530,200.881
Ghana,GHA,2020,85.4,1835.4034403041592,32180401,141.431796706412,238530,219.307
Ghana,GHA,2021,86.3,1823.9029219527465,32833031,144.300083943867,238530,240.668
Nigeria,NGA,2000,43.2,408.9907607474756,122851984,134.888044182395,923770,994.762
Nigeria,NGA,2001,43.9,459.06447586957046,126152678,138.512113925579,923770,NA
Nigeria,NGA,2002,44.6,600.2876397565882,129583026,142.278540136368,923770,95.128
Nigeria,NGA,2003,52.2,627.7306464855585,133119801,146.161820218057,923770,NA
Nigeria,NGA,2004,46.1,777.16701683874,136756848,150.155196152706,923770,NA
Nigeria,NGA,2005,46.8,955.6629639714,140490722,154.254885426617,923770,NA
Nigeria,NGA,2006,47.6,1380.0944653807858,144329764,158.470046224623,923770,901.441
Nigeria,NGA,2007,50.1,1532.3247263489868,148294028,162.822697278127,923770,824.206
Nigeria,NGA,2008,50.3,1804.7570546700224,152382506,167.311731831308,923770,883.927
Nigeria,NGA,2009,50,1579.9240544652107,156595758,171.937764748509,923770,780.337
Nigeria,NGA,2010,48,1823.0902466718,160952853,176.721733258671,923770,91.134
Nigeria,NGA,2011,55.9,1955.0337895135035,165463745,181.674566575535,923770,NA
Nigeria,NGA,2012,53,2184.502832862383,170075932,186.738618970761,923770,974.866
Nigeria,NGA,2013,55.6,2425.0538098778734,174726123,191.844398695609,923770,NA
Nigeria,NGA,2014,54.2,2695.9131081978285,179379016,196.953145140925,923770,NA
Nigeria,NGA,2015,52.5,2322.324849512781,183995785,202.022228444064,923770,NA
Nigeria,NGA,2016,59.3,1877.412312702357,188666931,207.151016173128,923770,NA
Nigeria,NGA,2017,54.4,1661.475397679983,193495907,212.453096830155,923770,NA
Nigeria,NGA,2018,56.5,1756.201058423801,198387623,217.824064253324,923770,NA
Nigeria,NGA,2019,55.4,1845.208813072025,203304492,223.222648967357,923770,NA
Nigeria,NGA,2020,55.4,1744.1803904397934,208327405,228.737667028997,923770,NA
Nigeria,NGA,2021,59.5,1702.4824798981026,213401323,234.308687154825,923770,NA
